R[h,Ж,,SҖ,X֔ԍ(̂),Z,TEL(̂),FAX(̂),[AhX,l,ڋqN
1,˓clbg\[VY,J{, j,3200001,Ȗ،Fs{s~~~~,092-~~~~-~~~~,050-~~~~-~~~~,kawasaki_takeshi@example.com,,A
2,c[Hi,,z ,3300041,ʌYas~~~~,050-~~~~-~~~~,050-~~~~-~~~~,kawagoe_kenichi@example.com,,B
3,ВH,cƕ,˒ q,4130001,ÉMCs~~~~,042-~~~~-~~~~,050-~~~~-~~~~,toduka_riko@example.com,,C
4,rcw@w,VXe, ,2500001,_ސ쌧cs~~~~,090-~~~~-~~~~,050-~~~~-~~~~,kodera_juri@example.com,,B
5,@,cƕ, ,3700001,QnOs~~~~,090-~~~~-~~~~,050-~~~~-~~~~,hoshino_nagatoshi@example.com,,A
6,LЋTR,o, TY,5300001,{sk~c~~~~,090-~~~~-~~~~,050-~~~~-~~~~,ueno_yuujirou@example.com,,C
7,ی݁ij,,J ܂Ȃ,9500001,VVs~~~~,090-~~~~-~~~~,050-~~~~-~~~~,mizutani_manami@example.com,,B
8,~^VXeY,\[VcƃO[v,O E,6540001,Ɍ_ˎs{~~~~,090-~~~~-~~~~,050-~~~~-~~~~,maehara_yuu@example.com,,C
9,˖{\tgEFA,J{, F,1660001,s~~~~,090-~~~~-~~~~,050-~~~~-~~~~,iwasawa_tomoya@example.com,,A
10,tR[Z^[,, LC,3200001,Ȗ،Fs{s~~~~,090-~~~~-~~~~,050-~~~~-~~~~,matsuno_ami@example.com,,B
11,ԌލH,cƕ, ,3200001,Ȗ،Fs{s~~~~,090-~~~~-~~~~,050-~~~~-~~~~,ozaki_takahiro@example.com,,C
12,ЈZ,VXe,g ,4130001,ÉMCs~~~~,090-~~~~-~~~~,050-~~~~-~~~~,yoshizawa_shidou@example.com,,A
13,ؓyn,cƕ,đ mG,2500001,_ސ쌧cs~~~~,090-~~~~-~~~~,050-~~~~-~~~~,yonezawa_sachie@example.com,,B
14,g,,c ,6000001,s{ss~~~~,090-~~~~-~~~~,050-~~~~-~~~~,harada_chiemi@example.com,,A
15,菤,\[VcƃO[v,c ,1660001,s~~~~,090-~~~~-~~~~,050-~~~~-~~~~,kiyota_seiichi@example.com,,C
16,≺ŗm,VXe,X ,6540001,Ɍ_ˎs{~~~~,090-~~~~-~~~~,050-~~~~-~~~~,sasaki_juri@example.com,,B
17,VRY,cƖ{cƕ,q ^,5300001,{sk~c~~~~,090-~~~~-~~~~,050-~~~~-~~~~,kaneko_maho@example.com,,B
18,dq,o,i ܗ,2500001,_ސ쌧cs~~~~,090-~~~~-~~~~,050-~~~~-~~~~,suenaga_yuri@example.com,,C
19,ѓc,\[VcƃO[v,X ,3300041,ʌYas~~~~,090-~~~~-~~~~,050-~~~~-~~~~,mori_jun@example.com,,B
20,s^,VXe,R Bm,5010001,򕌌򕌎s~~~~,090-~~~~-~~~~,050-~~~~-~~~~,shimoyama_tatsuhito@example.com,,A
21,lbg\[VY,J{, j,3200001,啪啪s~~~~,092-~~~~-~~~~,050-~~~~-~~~~,kanno_takeshi@example.com,,A
22,Hi,,z ,3300041,ʌYas~~~~,050-~~~~-~~~~,050-~~~~-~~~~,koekawa_kenichi@example.com,,B
23,ВH,cƕ,ˌ q,4130001,R^s~~~~,042-~~~~-~~~~,050-~~~~-~~~~,tukato_riko@example.com,,C
24,ъw@w,VXe,q ,2500001,whs~~~~,090-~~~~-~~~~,050-~~~~-~~~~,terako_juri@example.com,,B
25,O@,cƕ,\ ,3700001,QnOs~~~~,090-~~~~-~~~~,050-~~~~-~~~~,noboshi_nagatoshi@example.com,,A
26,LЊ`{,o, TY,5300001,{sk~c~~~~,090-~~~~-~~~~,050-~~~~-~~~~,nogami_yuujirou@example.com,,C
27,݁ij,,J ܂Ȃ,9500001,VVs~~~~,090-~~~~-~~~~,050-~~~~-~~~~,tanimizu_manami@example.com,,B
28,~`n^VXeY,\[VcƃO[v,O E,6540001,Ɍ_ˎs{~~~~,090-~~~~-~~~~,050-~~~~-~~~~,haramae_yuu@example.com,,C
29,ϖ{\tgEFA,J{, F,1660001,s~~~~,090-~~~~-~~~~,050-~~~~-~~~~,sawaiwa_tomoya@example.com,,A
30,瑐R[Z^[,,쏼 LC,3200001,Ȗ،Fs{s~~~~,090-~~~~-~~~~,050-~~~~-~~~~,nomatsu_ami@example.com,,B
31,ˌލH,cƕ, ,3200001,Ȗ،Fs{s~~~~,090-~~~~-~~~~,050-~~~~-~~~~,sakio_takahiro@example.com,,C
32,ВZ,VXe,g ,4130001,ÉMCs~~~~,090-~~~~-~~~~,050-~~~~-~~~~,sawayoshi_shidou@example.com,,A
33,ؓyn,cƕ, mG,2500001,_ސ쌧cs~~~~,090-~~~~-~~~~,050-~~~~-~~~~,sawamai_sachie@example.com,,B
34,cg,,c ,6000001,s{ss~~~~,090-~~~~-~~~~,050-~~~~-~~~~,tahara_chiemi@example.com,,A
35,O菤,\[VcƃO[v,c ,1660001,s~~~~,090-~~~~-~~~~,050-~~~~-~~~~,tasei_seiichi@example.com,,C
36,ŗm,VXe,؍ ,6540001,Ɍ_ˎs{~~~~,090-~~~~-~~~~,050-~~~~-~~~~,kisa_juri@example.com,,B
37,rcY,cƖ{cƕ,q ^,5300001,{sk~c~~~~,090-~~~~-~~~~,050-~~~~-~~~~,kogane_maho@example.com,,B
38,dq,o,i ܗ,2500001,_ސ쌧cs~~~~,090-~~~~-~~~~,050-~~~~-~~~~,nagasue_yuri@example.com,,C
39,l菤,\[VcƃO[v, ,3300041,ʌYas~~~~,090-~~~~-~~~~,050-~~~~-~~~~,hayashi_jun@example.com,,B
40,t,VXe,R Bm,5010001,򕌌򕌎s~~~~,090-~~~~-~~~~,050-~~~~-~~~~,yamashita_tatsuhito@example.com,,A
41,Olbg\[VY,J{, j,3200001,Ȗ،Fs{s~~~~,092-~~~~-~~~~,050-~~~~-~~~~,sawasaki_takeshi@example.com,,A
42,˒[Hi,,Oz ,3300041,ʌYas~~~~,050-~~~~-~~~~,050-~~~~-~~~~,maegoshi_kenichi@example.com,,B
43,ЎΐH,cƕ, q,4130001,ÉMCs~~~~,042-~~~~-~~~~,050-~~~~-~~~~,koduka_riko@example.com,,C
44,Γcw@w,VXe,] ,2500001,_ސ쌧cs~~~~,090-~~~~-~~~~,050-~~~~-~~~~,yodera_juri@example.com,,B
45,V͑@,cƕ,E ,3700001,QnOs~~~~,090-~~~~-~~~~,050-~~~~-~~~~,oshino_nagatoshi@example.com,,A
46,LЎLR,o,ˎ} TY,5300001,{sk~c~~~~,090-~~~~-~~~~,050-~~~~-~~~~,toeno_yuujirou@example.com,,C
47,ی݁ij,,ÒJ ܂Ȃ,9500001,VVs~~~~,090-~~~~-~~~~,050-~~~~-~~~~,shizutani_manami@example.com,,B
48,n^VXeY,\[VcƃO[v,앗 E,6540001,Ɍ_ˎs{~~~~,090-~~~~-~~~~,050-~~~~-~~~~,haebaru_yuu@example.com,,C
49,{\tgEFA,J{,ۑ F,1660001,s~~~~,090-~~~~-~~~~,050-~~~~-~~~~,kiwazawa_tomoya@example.com,,A
50,ŃR[Z^[,, LC,3200001,Ȗ،Fs{s~~~~,090-~~~~-~~~~,050-~~~~-~~~~,katsuno_ami@example.com,,B
51,ԊԌލH,cƕ, ,3200001,Ȗ،Fs{s~~~~,090-~~~~-~~~~,050-~~~~-~~~~,nozaki_takahiro@example.com,,C
52,ЋIZ,VXe, ,4130001,ÉMCs~~~~,090-~~~~-~~~~,050-~~~~-~~~~,toshizawa_shidou@example.com,,A
53,ؓyn,cƕ, mG,2500001,_ސ쌧cs~~~~,090-~~~~-~~~~,050-~~~~-~~~~,tonezawa_sachie@example.com,,B
54,[g,,c ,6000001,s{ss~~~~,090-~~~~-~~~~,050-~~~~-~~~~,karada_chiemi@example.com,,A
55,]菤,\[VcƃO[v,c ,1660001,s~~~~,090-~~~~-~~~~,050-~~~~-~~~~,chiyota_seiichi@example.com,,C
56,Gŗm,VXe, ,6540001,Ɍ_ˎs{~~~~,090-~~~~-~~~~,050-~~~~-~~~~,sakaki_juri@example.com,,B
57,RY,cƖ{cƕ,Hq ^,5300001,{sk~c~~~~,090-~~~~-~~~~,050-~~~~-~~~~,haneko_maho@example.com,,B
58,sdq,o,Di ܗ,2500001,_ސ쌧cs~~~~,090-~~~~-~~~~,050-~~~~-~~~~,nuenaga_yuri@example.com,,C
59,^auc,\[VcƃO[v,x ,3300041,ʌYas~~~~,090-~~~~-~~~~,050-~~~~-~~~~,hori_jun@example.com,,B
60,㑍,VXe,̎R Bm,5010001,򕌌򕌎s~~~~,090-~~~~-~~~~,050-~~~~-~~~~,kimoyama_tatsuhito@example.com,,A
61,clbg\[VY,J{, j,3200001,Ȗ،Fs{s~~~~,092-~~~~-~~~~,050-~~~~-~~~~,basaki_takeshi@example.com,,A
62,HHi,,Cz ,3300041,ʌYas~~~~,050-~~~~-~~~~,050-~~~~-~~~~,umigoshi_kenichi@example.com,,B
63,ЋH,cƕ,I q,4130001,ÉMCs~~~~,042-~~~~-~~~~,050-~~~~-~~~~,roduka_riko@example.com,,C
64,dcw@w,VXe,Ύ ,2500001,_ސ쌧cs~~~~,090-~~~~-~~~~,050-~~~~-~~~~,modera_juri@example.com,,B
65,Ǔ@,cƕ,xm ,3700001,QnOs~~~~,090-~~~~-~~~~,050-~~~~-~~~~,doshino_nagatoshi@example.com,,A
66,LЗR,o,{b TY,5300001,{sk~c~~~~,090-~~~~-~~~~,050-~~~~-~~~~,sueno_yuujirou@example.com,,C
67,ی݁ij,,qJ ܂Ȃ,9500001,VVs~~~~,090-~~~~-~~~~,050-~~~~-~~~~,chizutani_manami@example.com,,B
68,r^VXeY,\[VcƃO[v,㌴ E,6540001,Ɍ_ˎs{~~~~,090-~~~~-~~~~,050-~~~~-~~~~,ushirohara_yuu@example.com,,C
69,ԃ\tgEFA,J{,{ F,1660001,s~~~~,090-~~~~-~~~~,050-~~~~-~~~~,miwasawa_tomoya@example.com,,A
70,R[Z^[,, LC,3200001,Ȗ،Fs{s~~~~,090-~~~~-~~~~,050-~~~~-~~~~,hatsuno_ami@example.com,,B
71,cލH,cƕ,] ,3200001,Ȗ،Fs{s~~~~,090-~~~~-~~~~,050-~~~~-~~~~,sonezaki_takahiro@example.com,,C
72,Џc؋Z,VXe,g ,4130001,ÉMCs~~~~,090-~~~~-~~~~,050-~~~~-~~~~,yoshikawa_shidou@example.com,,A
73,yn,cƕ,č mG,2500001,_ސ쌧cs~~~~,090-~~~~-~~~~,050-~~~~-~~~~,yonezaka_sachie@example.com,,B
74,g,, ,6000001,s{ss~~~~,090-~~~~-~~~~,050-~~~~-~~~~,aida_chiemi@example.com,,A
75,O菤,\[VcƃO[v,ɗ\c ,1660001,s~~~~,090-~~~~-~~~~,050-~~~~-~~~~,iyota_seiichi@example.com,,C
76,≺ŗm,VXe,X ,6540001,Ɍ_ˎs{~~~~,090-~~~~-~~~~,050-~~~~-~~~~,sassa_juri@example.com,,B
77,ÎRY,cƖ{cƕ,v ^,5300001,{sk~c~~~~,090-~~~~-~~~~,050-~~~~-~~~~,saku_maho@example.com,,B
78,dq,o,i ܗ,2500001,_ސ쌧cs~~~~,090-~~~~-~~~~,050-~~~~-~~~~,sukenaga_yuri@example.com,,C
79,쉺,\[VcƃO[v,× ,3300041,ʌYas~~~~,090-~~~~-~~~~,050-~~~~-~~~~,kori_jun@example.com,,B
80,,VXe,R Bm,5010001,򕌌򕌎s~~~~,090-~~~~-~~~~,050-~~~~-~~~~,imoyama_tatsuhito@example.com,,A
81,clbg\[VY,J{,쌳 j,3200001,Ȗ،Fs{s~~~~,092-~~~~-~~~~,050-~~~~-~~~~,kawamoto_takeshi@example.com,,A
82,Hi,,Rz ,3300041,ʌYas~~~~,050-~~~~-~~~~,050-~~~~-~~~~,yamakoshi_kenichi@example.com,,B
83,А쒆H,cƕ, q,4130001,ÉMCs~~~~,042-~~~~-~~~~,050-~~~~-~~~~,onoduka_riko@example.com,,C
84,ʊw@w,VXe,c ,2500001,_ސ쌧cs~~~~,090-~~~~-~~~~,050-~~~~-~~~~,odawara_juri@example.com,,B
85,꓇@,cƕ, ,3700001,QnOs~~~~,090-~~~~-~~~~,050-~~~~-~~~~,hoshimura_nagatoshi@example.com,,A
86,LЏ㑺,o,㑺 TY,5300001,{sk~c~~~~,090-~~~~-~~~~,050-~~~~-~~~~,kamimura_yuujirou@example.com,,C
87,ی݁ij,,J ܂Ȃ,9500001,VVs~~~~,090-~~~~-~~~~,050-~~~~-~~~~,kawatani_manami@example.com,,B
88,Vb^[VXeY,\[VcƃO[v, E,6540001,Ɍ_ˎs{~~~~,090-~~~~-~~~~,050-~~~~-~~~~,mukouhara_yuu@example.com,,C
89,߉\tgEFA,J{,k F,1660001,s~~~~,090-~~~~-~~~~,050-~~~~-~~~~,kitazawa_tomoya@example.com,,A
90,ŗtR[Z^[,,~ LC,3200001,Ȗ،Fs{s~~~~,090-~~~~-~~~~,050-~~~~-~~~~,umeno_ami@example.com,,B
91,^ލH,cƕ, ,3200001,Ȗ،Fs{s~~~~,090-~~~~-~~~~,050-~~~~-~~~~,oosaki_takahiro@example.com,,C
92,ЖJZ,VXe,g ,4130001,ÉMCs~~~~,090-~~~~-~~~~,050-~~~~-~~~~,sawayoshi_shidou@example.com,,A
93,yn,cƕ, mG,2500001,_ސ쌧cs~~~~,090-~~~~-~~~~,050-~~~~-~~~~,tomezawa_sachie@example.com,,B
94,[g,,ac ,6000001,s{ss~~~~,090-~~~~-~~~~,050-~~~~-~~~~,tawada_chiemi@example.com,,A
95,z菤,\[VcƃO[v,c ,1660001,s~~~~,090-~~~~-~~~~,050-~~~~-~~~~,miyota_seiichi@example.com,,C
96,iŗm,VXe,؁X ,6540001,Ɍ_ˎs{~~~~,090-~~~~-~~~~,050-~~~~-~~~~,kigi_juri@example.com,,B
97,IɎRY,cƖ{cƕ,q ^,5300001,{sk~c~~~~,090-~~~~-~~~~,050-~~~~-~~~~,saneko_maho@example.com,,B
98,kdq,o,i ܗ,2500001,_ސ쌧cs~~~~,090-~~~~-~~~~,050-~~~~-~~~~,soenaga_yuri@example.com,,C
99,і쏤,\[VcƃO[v, ,3300041,ʌYas~~~~,090-~~~~-~~~~,050-~~~~-~~~~,sori_jun@example.com,,B
100,ɔԑ,VXe, Bm,5010001,򕌌򕌎s~~~~,090-~~~~-~~~~,050-~~~~-~~~~,shimotama_tatsuhito@example.com,,A
